<?xml version="1.0" encoding="UTF-8"?>
<project-private xmlns="http://www.netbeans.org/ns/project-private/1">
    <editor-bookmarks xmlns="http://www.netbeans.org/ns/editor-bookmarks/2" lastBookmarkId="0"/>
    <open-files xmlns="http://www.netbeans.org/ns/projectui-open-files/2">
        <group>
            <file>file:/home/punith/NetBeansProjects/ExamAllocation/web/TestCoDept1.jsp</file>
            <file>file:/home/punith/NetBeansProjects/ExamAllocation/web/TestCoDept.jsp</file>
            <file>file:/home/punith/NetBeansProjects/ExamAllocation/web/AdminMaster.jsp</file>
            <file>file:/home/punith/NetBeansProjects/ExamAllocation/src/java/TestCoEnter.java</file>
            <file>file:/home/punith/NetBeansProjects/ExamAllocation/web/Servlet_Enter.jsp</file>
            <file>file:/home/punith/NetBeansProjects/ExamAllocation/web/TestCoSucess.jsp</file>
            <file>file:/home/punith/NetBeansProjects/ExamAllocation/web/redirect.jsp</file>
            <file>file:/home/punith/NetBeansProjects/ExamAllocation/src/java/Servlet_Enter.java</file>
        </group>
    </open-files>
</project-private>
